user_id,class_id,last_updated_dt,spent_time,expectation_met_count,seconds_early,activity_page_view,material_view,act+quiz_view,submit_button_clicked,class_view_count,specific_activity_view,session_id_count,level,activity_id,submission_id
1587,173178,0,0.0,0.0,0.0,4.0,0.0,3.0,0.0,8.0,3.0,1.0,0.0,0.0,0.0
1587,173179,20230223,0.0,0.0,0.0,2.0,0.0,0.0,0.0,4.0,0.0,1.0,0.0,0.0,0.0
1587,173184,20230223,0.0,0.0,0.0,1.0,2.0,0.0,0.0,6.0,0.0,1.0,0.0,0.0,0.0
18912,177701,20230404,0.0,1.0,849.0,0.0,0.0,0.0,0.0,3.0,0.0,1.0,5.0,0.0,0.0
18912,177742,20230404,0.0,1.0,31163.0,0.0,0.0,0.0,0.0,3.0,0.0,1.0,2.0,0.0,0.0
18912,274635,20230418,0.0,0.0,0.0,1.0,0.0,1.0,0.0,3.0,1.0,1.0,1.0,4074647.0,3032463.0
19527,173178,20230401,513.0,0.0,605506.0,0.0,0.0,0.0,0.0,1.0,0.0,1.0,2.0,0.0,0.0
65172,173177,20230228,1583.0,0.0,24698.0,5.0,0.0,4.0,0.0,11.0,3.0,1.0,1.0,0.0,0.0
65742,249836,20230418,16029.0,0.0,5153.0,2.0,0.0,0.0,0.0,3.0,0.0,1.0,1.0,3393365.0,2935807.0
65742,249836,20230418,77807.0,0.0,13969.0,0.0,0.0,0.0,0.0,1.0,0.0,1.0,1.0,3393362.0,2959382.0
65742,249839,20230418,31256.0,0.0,5061.0,0.0,0.0,0.0,0.0,1.0,0.0,1.0,1.0,3518150.0,2984717.0
65742,249839,20230418,16477.0,0.0,9092.0,5.0,2.0,3.0,0.0,15.0,0.0,3.0,2.0,3518151.0,3009207.0
67071,249832,20230418,2973.0,0.0,933.0,0.0,0.0,0.0,0.0,1.0,0.0,1.0,1.0,3393355.0,2866748.0
67071,249832,20230418,4460.0,0.0,475.0,0.0,0.0,0.0,0.0,1.0,0.0,1.0,1.0,3393356.0,2936571.0
67071,249832,20230418,2370.0,0.0,37.0,1.0,0.0,0.0,0.0,1.0,0.0,1.0,1.0,3393353.0,2961916.0
67071,249833,20230418,6053.0,0.0,9823.0,0.0,0.0,0.0,0.0,3.0,0.0,3.0,2.0,3518148.0,2985065.0
67071,249833,20230418,4484.0,0.0,54.0,1.0,0.0,0.0,0.0,7.0,0.0,1.0,1.0,3518149.0,3012222.0
67077,249832,20230416,2060.0,0.0,22840.0,0.0,0.0,3.0,0.0,4.0,0.0,2.0,1.0,0.0,0.0
67077,249832,20230416,1028.0,1.0,16162.0,0.0,0.0,5.0,0.0,7.0,0.0,1.0,3.0,0.0,0.0
67077,249832,20230416,4043.0,1.0,21750.0,0.0,0.0,0.0,0.0,1.0,0.0,1.0,3.0,0.0,0.0
67077,249833,20230418,1411.0,1.0,24905.0,1.0,0.0,0.0,0.0,2.0,0.0,1.0,3.0,3518148.0,2984782.0
67077,249833,20230418,1475.0,1.0,67682.0,1.0,2.0,0.0,0.0,6.0,0.0,1.0,3.0,3518149.0,3010276.0
67079,249832,20230415,1152.0,1.0,19252.0,0.0,0.0,0.0,0.0,2.0,0.0,1.0,3.0,0.0,0.0
67079,249833,20230418,355.0,0.0,0.0,0.0,0.0,0.0,0.0,1.0,0.0,1.0,2.0,3518148.0,2985944.0
67199,173178,20230223,584.0,0.0,786875.0,0.0,0.0,0.0,0.0,0.0,0.0,0.0,1.0,0.0,0.0
67270,249835,20230418,1332.0,0.0,1550.0,0.0,0.0,0.0,0.0,2.0,0.0,2.0,1.0,3385261.0,2837752.0
67270,249835,20230418,2377.0,0.0,11762.0,0.0,0.0,0.0,0.0,1.0,0.0,1.0,1.0,3385263.0,2866175.0
68154,173177,20230223,0.0,0.0,0.0,0.0,0.0,0.0,0.0,2.0,0.0,2.0,0.0,0.0,0.0
69142,173178,20230223,1658.0,0.0,807025.0,0.0,0.0,0.0,0.0,0.0,0.0,0.0,1.0,0.0,0.0
71468,173181,20230314,1185.0,0.0,104668.0,0.0,0.0,0.0,0.0,2.0,0.0,1.0,1.0,0.0,0.0
72478,177763,20230402,0.0,0.0,0.0,0.0,0.0,1.0,0.0,2.0,1.0,1.0,2.0,0.0,0.0
72478,177764,20230402,0.0,0.0,-28549815.0,0.0,0.0,1.0,0.0,3.0,1.0,1.0,1.0,0.0,0.0
72478,177765,20230402,0.0,1.0,0.0,0.0,0.0,2.0,0.0,5.0,1.0,1.0,3.0,0.0,0.0
72478,177766,20230402,0.0,0.0,0.0,0.0,0.0,2.0,0.0,3.0,1.0,1.0,2.0,0.0,0.0
72478,177773,20230413,0.0,1.0,0.0,1.0,0.0,0.0,0.0,1.0,0.0,1.0,3.0,0.0,0.0
77047,173178,20230223,68.0,0.0,605031.0,0.0,0.0,0.0,0.0,0.0,0.0,0.0,1.0,0.0,0.0
81308,173179,20230321,102.0,1.0,625977.0,0.0,1.0,0.0,0.0,2.0,0.0,1.0,3.0,0.0,0.0
81309,173179,20230224,169.0,1.0,714711.0,0.0,0.0,0.0,0.0,1.0,0.0,1.0,3.0,0.0,0.0
81309,173179,20230224,169.0,1.0,714711.0,0.0,0.0,0.0,0.0,2.0,0.0,2.0,3.0,0.0,0.0
81315,173179,20230224,700.0,0.0,618263.0,0.0,0.0,0.0,0.0,1.0,0.0,1.0,1.0,0.0,0.0
81315,173179,20230224,700.0,0.0,618263.0,0.0,0.0,0.0,0.0,1.0,0.0,1.0,1.0,0.0,0.0
81318,173179,20230223,156.0,1.0,652053.0,0.0,0.0,0.0,0.0,0.0,0.0,0.0,3.0,0.0,0.0
81323,173179,20230223,0.0,0.0,0.0,0.0,0.0,0.0,0.0,3.0,0.0,1.0,0.0,0.0,0.0
81332,173179,20230223,144.0,1.0,689958.0,0.0,0.0,0.0,0.0,0.0,0.0,0.0,3.0,0.0,0.0
81334,173179,20230223,722.0,0.0,640155.0,0.0,0.0,0.0,0.0,0.0,0.0,0.0,2.0,0.0,0.0
81348,173179,20230223,298.0,1.0,1238001.0,0.0,0.0,0.0,0.0,0.0,0.0,0.0,3.0,0.0,0.0
81357,173179,20230223,376.0,1.0,651838.0,0.0,0.0,0.0,0.0,1.0,0.0,1.0,3.0,0.0,0.0
81360,173179,20230223,136.0,1.0,648730.0,0.0,0.0,0.0,0.0,0.0,0.0,0.0,3.0,0.0,0.0
81361,173179,20230223,466.0,1.0,651391.0,0.0,0.0,0.0,0.0,0.0,0.0,0.0,3.0,0.0,0.0
81445,173180,20230304,1345.0,0.0,12418.0,3.0,0.0,3.0,0.0,7.0,2.0,1.0,2.0,0.0,0.0
81446,173180,20230224,283.0,0.0,128133.0,1.0,1.0,0.0,0.0,4.0,0.0,1.0,1.0,0.0,0.0
81447,173180,20230224,127.0,0.0,11174.0,0.0,0.0,0.0,0.0,2.0,0.0,2.0,1.0,0.0,0.0
81448,173180,20230224,153.0,0.0,17032.0,0.0,1.0,0.0,0.0,1.0,0.0,1.0,2.0,0.0,0.0
81449,173180,20230224,1306.0,0.0,9803.0,0.0,0.0,0.0,0.0,1.0,0.0,1.0,1.0,0.0,0.0
81451,173180,20230224,283.0,0.0,29368.0,0.0,0.0,0.0,0.0,1.0,0.0,1.0,1.0,0.0,0.0
81452,173180,20230224,407.0,0.0,21116.0,0.0,0.0,0.0,0.0,1.0,0.0,1.0,1.0,0.0,0.0
81453,173180,20230223,68.0,0.0,10595.0,0.0,0.0,0.0,0.0,0.0,0.0,0.0,1.0,0.0,0.0
81454,173180,20230223,132.0,0.0,13578.0,0.0,0.0,0.0,0.0,0.0,0.0,0.0,1.0,0.0,0.0
81455,173180,20230223,84.0,0.0,10206.0,0.0,0.0,0.0,0.0,0.0,0.0,0.0,1.0,0.0,0.0
81456,173180,0,0.0,0.0,0.0,0.0,0.0,0.0,0.0,3.0,0.0,1.0,0.0,0.0,0.0
81458,173180,20230223,71.0,0.0,15579.0,0.0,0.0,0.0,0.0,0.0,0.0,0.0,1.0,0.0,0.0
81462,173180,20230223,501.0,0.0,6258.0,0.0,0.0,0.0,0.0,0.0,0.0,0.0,1.0,0.0,0.0
81466,173180,20230223,299.0,0.0,7831.0,0.0,0.0,0.0,0.0,0.0,0.0,0.0,1.0,0.0,0.0
81467,173180,20230223,152.0,0.0,24591.0,0.0,0.0,0.0,0.0,0.0,0.0,0.0,1.0,0.0,0.0
81471,173180,20230223,53.0,0.0,439.0,0.0,0.0,0.0,0.0,0.0,0.0,0.0,2.0,0.0,0.0
81472,173180,20230223,351.0,0.0,22497.0,0.0,0.0,0.0,0.0,0.0,0.0,0.0,2.0,0.0,0.0
81473,173180,20230223,466.0,0.0,3537.0,0.0,0.0,0.0,0.0,0.0,0.0,0.0,2.0,0.0,0.0
81475,173180,20230223,97.0,0.0,14228.0,0.0,0.0,0.0,0.0,0.0,0.0,0.0,1.0,0.0,0.0
81476,173180,20230223,612.0,0.0,15616.0,0.0,0.0,0.0,0.0,0.0,0.0,0.0,1.0,0.0,0.0
81477,173180,20230223,143.0,0.0,12333.0,0.0,0.0,0.0,0.0,0.0,0.0,0.0,1.0,0.0,0.0
81478,173180,20230223,106.0,0.0,10468.0,0.0,0.0,0.0,0.0,0.0,0.0,0.0,2.0,0.0,0.0
81479,173180,20230223,48.0,0.0,14216.0,0.0,0.0,0.0,0.0,0.0,0.0,0.0,1.0,0.0,0.0
81480,173180,20230223,1240.0,0.0,10956.0,0.0,0.0,0.0,0.0,0.0,0.0,0.0,1.0,0.0,0.0
81481,173180,20230223,816.0,0.0,11900.0,1.0,1.0,0.0,0.0,4.0,0.0,1.0,1.0,0.0,0.0
81483,173180,20230223,87.0,0.0,16805.0,0.0,0.0,0.0,0.0,2.0,0.0,2.0,1.0,0.0,0.0
81486,173180,20230223,332.0,0.0,4475.0,0.0,0.0,0.0,0.0,0.0,0.0,0.0,1.0,0.0,0.0
81487,173180,20230223,335.0,0.0,12241.0,0.0,0.0,0.0,0.0,0.0,0.0,0.0,1.0,0.0,0.0
81489,173180,20230223,135.0,0.0,16114.0,0.0,0.0,0.0,0.0,0.0,0.0,0.0,1.0,0.0,0.0
81490,173180,20230223,270.0,0.0,5126.0,0.0,0.0,0.0,0.0,0.0,0.0,0.0,1.0,0.0,0.0
81491,173180,20230223,174.0,0.0,12775.0,0.0,0.0,0.0,0.0,0.0,0.0,0.0,1.0,0.0,0.0
81492,173180,20230223,93.0,0.0,27004.0,0.0,0.0,0.0,0.0,0.0,0.0,0.0,1.0,0.0,0.0
81493,173180,20230223,1750.0,0.0,12491.0,0.0,0.0,0.0,0.0,0.0,0.0,0.0,1.0,0.0,0.0
81495,173180,20230223,82.0,0.0,15338.0,0.0,0.0,0.0,0.0,0.0,0.0,0.0,1.0,0.0,0.0
81496,173180,20230223,93.0,0.0,13405.0,0.0,0.0,0.0,0.0,0.0,0.0,0.0,1.0,0.0,0.0
81497,173180,20230223,895.0,0.0,9753.0,0.0,0.0,0.0,0.0,0.0,0.0,0.0,1.0,0.0,0.0
81498,173180,20230223,85.0,0.0,12068.0,0.0,0.0,0.0,0.0,0.0,0.0,0.0,2.0,0.0,0.0
81500,173180,20230223,347.0,0.0,173250.0,0.0,0.0,0.0,0.0,0.0,0.0,0.0,2.0,0.0,0.0
81501,173180,20230223,260.0,0.0,28596.0,0.0,0.0,0.0,0.0,0.0,0.0,0.0,1.0,0.0,0.0
81503,173180,20230223,128.0,0.0,10266.0,0.0,0.0,0.0,0.0,0.0,0.0,0.0,1.0,0.0,0.0
81504,173180,20230223,413.0,0.0,103697.0,0.0,0.0,0.0,0.0,0.0,0.0,0.0,1.0,0.0,0.0
81505,173180,20230223,462.0,0.0,9906.0,0.0,0.0,0.0,0.0,0.0,0.0,0.0,1.0,0.0,0.0
81731,227263,20230225,0.0,1.0,-613580.0,2.0,2.0,0.0,0.0,6.0,0.0,1.0,5.0,0.0,0.0
81739,227263,20230223,0.0,1.0,-170058.0,0.0,0.0,0.0,0.0,0.0,0.0,0.0,5.0,0.0,0.0
81739,227263,20230223,0.0,1.0,3368.0,0.0,0.0,0.0,0.0,0.0,0.0,0.0,5.0,0.0,0.0
81739,227263,20230223,0.0,1.0,-130307.0,0.0,0.0,0.0,0.0,0.0,0.0,0.0,5.0,0.0,0.0
81741,227263,20230223,0.0,1.0,31789.0,0.0,0.0,0.0,0.0,0.0,0.0,0.0,5.0,0.0,0.0
81741,227263,20230223,0.0,1.0,9916.0,0.0,0.0,0.0,0.0,0.0,0.0,0.0,5.0,0.0,0.0
81741,227263,20230223,0.0,1.0,118768.0,0.0,0.0,0.0,0.0,0.0,0.0,0.0,5.0,0.0,0.0
81742,227263,20230223,0.0,1.0,83828.0,0.0,0.0,0.0,0.0,0.0,0.0,0.0,5.0,0.0,0.0
81742,227263,20230223,0.0,1.0,18884.0,0.0,0.0,0.0,0.0,0.0,0.0,0.0,5.0,0.0,0.0
81742,227263,20230223,0.0,1.0,105305.0,0.0,0.0,0.0,0.0,0.0,0.0,0.0,5.0,0.0,0.0
81743,227263,20230223,0.0,1.0,-6581.0,0.0,0.0,0.0,0.0,0.0,0.0,0.0,5.0,0.0,0.0
81744,227263,20230223,0.0,1.0,106180.0,0.0,0.0,0.0,0.0,0.0,0.0,0.0,5.0,0.0,0.0
81744,227263,20230223,0.0,1.0,204131.0,0.0,0.0,0.0,0.0,0.0,0.0,0.0,5.0,0.0,0.0
81744,227263,20230223,0.0,1.0,116513.0,0.0,0.0,0.0,0.0,0.0,0.0,0.0,5.0,0.0,0.0
81745,227263,20230223,0.0,1.0,279421.0,0.0,0.0,0.0,0.0,0.0,0.0,0.0,5.0,0.0,0.0
81745,227263,20230223,0.0,1.0,14647.0,0.0,0.0,0.0,0.0,0.0,0.0,0.0,5.0,0.0,0.0
81745,227263,20230223,0.0,1.0,115149.0,0.0,0.0,0.0,0.0,0.0,0.0,0.0,5.0,0.0,0.0
81746,227263,20230223,0.0,1.0,5294.0,0.0,0.0,0.0,0.0,0.0,0.0,0.0,5.0,0.0,0.0
81746,227263,20230223,0.0,1.0,1745.0,0.0,0.0,0.0,0.0,0.0,0.0,0.0,5.0,0.0,0.0
81746,227263,20230223,0.0,1.0,88134.0,0.0,0.0,0.0,0.0,0.0,0.0,0.0,5.0,0.0,0.0
81747,227263,20230223,0.0,1.0,98109.0,0.0,0.0,0.0,0.0,0.0,0.0,0.0,5.0,0.0,0.0
81747,227263,20230223,0.0,1.0,14980.0,0.0,0.0,0.0,0.0,0.0,0.0,0.0,5.0,0.0,0.0
81747,227263,20230223,0.0,1.0,101859.0,0.0,0.0,0.0,0.0,0.0,0.0,0.0,5.0,0.0,0.0
81748,227263,20230223,0.0,1.0,739.0,0.0,0.0,0.0,0.0,0.0,0.0,0.0,5.0,0.0,0.0
81748,227263,20230223,0.0,1.0,3716.0,0.0,0.0,0.0,0.0,0.0,0.0,0.0,5.0,0.0,0.0
81748,227263,20230223,0.0,1.0,2825.0,0.0,0.0,0.0,0.0,0.0,0.0,0.0,5.0,0.0,0.0
81749,227263,20230223,0.0,1.0,-52673.0,0.0,0.0,0.0,0.0,0.0,0.0,0.0,5.0,0.0,0.0
81749,227263,20230223,0.0,1.0,5412.0,0.0,0.0,0.0,0.0,0.0,0.0,0.0,5.0,0.0,0.0
81749,227263,20230223,0.0,1.0,-287208.0,0.0,0.0,0.0,0.0,0.0,0.0,0.0,5.0,0.0,0.0
81750,227263,20230223,0.0,1.0,654.0,0.0,0.0,0.0,0.0,0.0,0.0,0.0,5.0,0.0,0.0
81750,227263,20230223,0.0,1.0,-76238.0,0.0,0.0,0.0,0.0,0.0,0.0,0.0,5.0,0.0,0.0
81750,227263,20230223,0.0,1.0,97476.0,0.0,0.0,0.0,0.0,0.0,0.0,0.0,5.0,0.0,0.0
81751,227263,20230223,0.0,1.0,-679651.0,0.0,0.0,0.0,0.0,0.0,0.0,0.0,5.0,0.0,0.0
81751,227263,20230223,0.0,1.0,-84264.0,0.0,0.0,0.0,0.0,0.0,0.0,0.0,5.0,0.0,0.0
81751,227263,20230223,0.0,1.0,90167.0,0.0,0.0,0.0,0.0,0.0,0.0,0.0,5.0,0.0,0.0
81752,227263,20230223,0.0,1.0,37159.0,0.0,0.0,0.0,0.0,0.0,0.0,0.0,5.0,0.0,0.0
81752,227263,20230223,0.0,1.0,-82795.0,0.0,0.0,0.0,0.0,0.0,0.0,0.0,5.0,0.0,0.0
81752,227263,20230223,0.0,1.0,92478.0,0.0,0.0,0.0,0.0,0.0,0.0,0.0,5.0,0.0,0.0
81753,227263,20230223,0.0,1.0,11281.0,0.0,0.0,0.0,0.0,0.0,0.0,0.0,5.0,0.0,0.0
81753,227263,20230223,0.0,1.0,-230420.0,0.0,0.0,0.0,0.0,0.0,0.0,0.0,5.0,0.0,0.0
81753,227263,20230223,0.0,1.0,-144043.0,0.0,0.0,0.0,0.0,0.0,0.0,0.0,5.0,0.0,0.0
81754,227263,20230223,0.0,1.0,-603142.0,0.0,0.0,0.0,0.0,0.0,0.0,0.0,5.0,0.0,0.0
81754,227263,20230223,0.0,1.0,-46940.0,0.0,0.0,0.0,0.0,0.0,0.0,0.0,5.0,0.0,0.0
81754,227263,20230223,0.0,1.0,87295.0,0.0,0.0,0.0,0.0,0.0,0.0,0.0,5.0,0.0,0.0
81755,227263,20230223,0.0,1.0,10112.0,0.0,0.0,0.0,0.0,0.0,0.0,0.0,5.0,0.0,0.0
81755,227263,20230223,0.0,1.0,15.0,0.0,0.0,0.0,0.0,0.0,0.0,0.0,5.0,0.0,0.0
81755,227263,20230223,0.0,1.0,86400.0,0.0,0.0,0.0,0.0,0.0,0.0,0.0,5.0,0.0,0.0
81756,227263,20230223,0.0,1.0,93747.0,0.0,0.0,0.0,0.0,0.0,0.0,0.0,5.0,0.0,0.0
81756,227263,20230223,0.0,1.0,4145.0,0.0,0.0,0.0,0.0,0.0,0.0,0.0,5.0,0.0,0.0
81756,227263,20230223,0.0,1.0,104182.0,0.0,0.0,0.0,0.0,0.0,0.0,0.0,5.0,0.0,0.0
81757,227263,20230223,0.0,1.0,1216.0,0.0,0.0,0.0,0.0,0.0,0.0,0.0,5.0,0.0,0.0
81757,227263,20230223,0.0,1.0,30697.0,0.0,0.0,0.0,0.0,0.0,0.0,0.0,5.0,0.0,0.0
81757,227263,20230223,0.0,1.0,117111.0,0.0,0.0,0.0,0.0,0.0,0.0,0.0,5.0,0.0,0.0
81758,227263,20230223,0.0,1.0,113423.0,0.0,0.0,0.0,0.0,0.0,0.0,0.0,5.0,0.0,0.0
81758,227263,20230223,0.0,1.0,819813.0,0.0,0.0,0.0,0.0,0.0,0.0,0.0,5.0,0.0,0.0
81758,227263,20230223,0.0,1.0,124568.0,0.0,0.0,0.0,0.0,0.0,0.0,0.0,5.0,0.0,0.0
81759,227263,20230223,0.0,1.0,-685803.0,0.0,0.0,0.0,0.0,0.0,0.0,0.0,5.0,0.0,0.0
81759,227263,20230223,0.0,1.0,-83442.0,0.0,0.0,0.0,0.0,0.0,0.0,0.0,5.0,0.0,0.0
81759,227263,20230223,0.0,1.0,91207.0,0.0,0.0,0.0,0.0,0.0,0.0,0.0,5.0,0.0,0.0
81760,227263,20230223,0.0,1.0,-598567.0,0.0,0.0,0.0,0.0,0.0,0.0,0.0,5.0,0.0,0.0
81760,227263,20230223,0.0,1.0,-77684.0,0.0,0.0,0.0,0.0,0.0,0.0,0.0,5.0,0.0,0.0
81760,227263,20230223,0.0,1.0,94413.0,0.0,0.0,0.0,0.0,0.0,0.0,0.0,5.0,0.0,0.0
81761,227263,20230223,0.0,1.0,35367.0,0.0,0.0,0.0,0.0,0.0,0.0,0.0,5.0,0.0,0.0
81761,227263,20230223,0.0,1.0,40867.0,0.0,0.0,0.0,0.0,0.0,0.0,0.0,5.0,0.0,0.0
81761,227263,20230223,0.0,1.0,121024.0,0.0,0.0,0.0,0.0,0.0,0.0,0.0,5.0,0.0,0.0
81762,227263,20230223,0.0,1.0,106229.0,0.0,0.0,0.0,0.0,0.0,0.0,0.0,5.0,0.0,0.0
81762,227263,20230223,0.0,1.0,1152167.0,0.0,0.0,0.0,0.0,0.0,0.0,0.0,5.0,0.0,0.0
81762,227263,20230223,0.0,1.0,123779.0,0.0,0.0,0.0,0.0,0.0,0.0,0.0,5.0,0.0,0.0
81964,173177,20230224,601.0,1.0,25027.0,0.0,0.0,0.0,0.0,1.0,0.0,1.0,3.0,0.0,0.0
81966,173177,20230224,108.0,0.0,22755.0,0.0,1.0,0.0,0.0,3.0,0.0,1.0,2.0,0.0,0.0
81967,173177,20230223,318.0,0.0,19344.0,0.0,0.0,0.0,0.0,0.0,0.0,0.0,2.0,0.0,0.0
81968,173177,20230223,718.0,0.0,19374.0,0.0,0.0,0.0,0.0,0.0,0.0,0.0,1.0,0.0,0.0
81969,173177,20230223,102.0,0.0,32735.0,0.0,0.0,0.0,0.0,0.0,0.0,0.0,2.0,0.0,0.0
81970,173177,20230223,421.0,0.0,392803.0,0.0,0.0,0.0,0.0,0.0,0.0,0.0,2.0,0.0,0.0
81977,173177,20230223,413.0,0.0,189639.0,0.0,0.0,0.0,0.0,0.0,0.0,0.0,1.0,0.0,0.0
81979,173177,20230223,576.0,0.0,21368.0,0.0,0.0,0.0,0.0,0.0,0.0,0.0,1.0,0.0,0.0
81981,173177,20230223,189.0,1.0,25012.0,0.0,0.0,0.0,0.0,0.0,0.0,0.0,3.0,0.0,0.0
81983,173177,20230223,6022.0,1.0,22662.0,0.0,0.0,0.0,0.0,0.0,0.0,0.0,3.0,0.0,0.0
83053,173179,20230223,43.0,1.0,652409.0,0.0,0.0,0.0,0.0,0.0,0.0,0.0,3.0,0.0,0.0
83061,173179,20230223,607.0,0.0,624399.0,0.0,0.0,0.0,0.0,0.0,0.0,0.0,1.0,0.0,0.0
83062,173179,20230223,835.0,0.0,814386.0,0.0,0.0,0.0,0.0,0.0,0.0,0.0,1.0,0.0,0.0
83064,173179,20230223,460.0,0.0,970508.0,0.0,0.0,0.0,0.0,0.0,0.0,0.0,1.0,0.0,0.0
83069,173179,20230223,631.0,0.0,605132.0,0.0,0.0,0.0,0.0,0.0,0.0,0.0,1.0,0.0,0.0
83071,173179,20230223,82.0,0.0,651905.0,0.0,0.0,0.0,0.0,0.0,0.0,0.0,2.0,0.0,0.0
83072,173179,20230223,558.0,1.0,648940.0,0.0,0.0,0.0,0.0,0.0,0.0,0.0,3.0,0.0,0.0
83074,173179,20230223,218.0,0.0,607984.0,0.0,0.0,0.0,0.0,0.0,0.0,0.0,1.0,0.0,0.0
83137,173180,20230223,396.0,0.0,2840.0,0.0,0.0,0.0,0.0,0.0,0.0,0.0,2.0,0.0,0.0
83139,173180,20230223,1117.0,0.0,20371.0,0.0,0.0,0.0,0.0,0.0,0.0,0.0,1.0,0.0,0.0
83140,173180,20230223,357.0,0.0,12224.0,0.0,0.0,0.0,0.0,0.0,0.0,0.0,1.0,0.0,0.0
83141,173180,20230223,10836.0,0.0,22234.0,0.0,0.0,0.0,0.0,0.0,0.0,0.0,2.0,0.0,0.0
83143,173180,20230223,81.0,0.0,10231.0,0.0,0.0,0.0,0.0,0.0,0.0,0.0,1.0,0.0,0.0
83145,173180,20230223,197.0,0.0,10203.0,0.0,0.0,0.0,0.0,0.0,0.0,0.0,1.0,0.0,0.0
83147,173180,20230223,60.0,0.0,8804.0,0.0,0.0,0.0,0.0,0.0,0.0,0.0,1.0,0.0,0.0
83148,173180,20230223,560.0,0.0,21485.0,0.0,0.0,0.0,0.0,0.0,0.0,0.0,1.0,0.0,0.0
83149,173180,20230223,84.0,0.0,8758.0,0.0,0.0,0.0,0.0,0.0,0.0,0.0,1.0,0.0,0.0
83150,173180,20230223,70.0,0.0,7326.0,0.0,0.0,0.0,0.0,0.0,0.0,0.0,1.0,0.0,0.0
83152,173180,20230223,145.0,0.0,26477.0,0.0,0.0,0.0,0.0,0.0,0.0,0.0,1.0,0.0,0.0
83154,173180,20230223,83.0,0.0,10040.0,0.0,0.0,0.0,0.0,0.0,0.0,0.0,1.0,0.0,0.0
83155,173180,20230223,212.0,0.0,16336.0,0.0,0.0,0.0,0.0,0.0,0.0,0.0,1.0,0.0,0.0
83156,173180,20230223,596.0,0.0,182855.0,0.0,0.0,0.0,0.0,0.0,0.0,0.0,1.0,0.0,0.0
83158,173180,20230223,162.0,0.0,11343.0,0.0,0.0,0.0,0.0,0.0,0.0,0.0,1.0,0.0,0.0
83159,173180,20230223,113.0,0.0,10680.0,0.0,0.0,0.0,0.0,0.0,0.0,0.0,2.0,0.0,0.0
83161,173180,20230223,91.0,0.0,10548.0,0.0,0.0,0.0,0.0,0.0,0.0,0.0,2.0,0.0,0.0
83163,173180,20230223,2384.0,0.0,978.0,0.0,0.0,0.0,0.0,0.0,0.0,0.0,2.0,0.0,0.0
83164,173180,20230223,75.0,0.0,7190.0,0.0,0.0,0.0,0.0,0.0,0.0,0.0,2.0,0.0,0.0
83166,173180,20230223,89.0,0.0,23968.0,0.0,0.0,0.0,0.0,0.0,0.0,0.0,1.0,0.0,0.0
83169,173180,20230223,94.0,0.0,3734.0,0.0,0.0,0.0,0.0,0.0,0.0,0.0,2.0,0.0,0.0
83172,173180,20230223,1425.0,0.0,31458.0,0.0,0.0,0.0,0.0,0.0,0.0,0.0,2.0,0.0,0.0
83173,173180,20230223,290.0,0.0,10381.0,0.0,0.0,0.0,0.0,0.0,0.0,0.0,2.0,0.0,0.0
83255,227263,20230223,0.0,1.0,-2892.0,0.0,0.0,0.0,0.0,0.0,0.0,0.0,4.0,0.0,0.0
83255,227263,20230223,0.0,1.0,-73817.0,0.0,0.0,0.0,0.0,0.0,0.0,0.0,5.0,0.0,0.0
83255,227263,20230223,0.0,1.0,115379.0,0.0,0.0,0.0,0.0,0.0,0.0,0.0,5.0,0.0,0.0
83256,227263,20230223,0.0,1.0,11442.0,0.0,0.0,0.0,0.0,0.0,0.0,0.0,5.0,0.0,0.0
83256,227263,20230223,0.0,1.0,-47774.0,0.0,0.0,0.0,0.0,0.0,0.0,0.0,5.0,0.0,0.0
83256,227263,20230223,0.0,1.0,6278.0,0.0,0.0,0.0,0.0,0.0,0.0,0.0,5.0,0.0,0.0
83257,227263,20230223,0.0,1.0,95202.0,0.0,0.0,0.0,0.0,0.0,0.0,0.0,5.0,0.0,0.0
83257,227263,20230223,0.0,1.0,4046.0,0.0,0.0,0.0,0.0,0.0,0.0,0.0,5.0,0.0,0.0
83257,227263,20230223,0.0,1.0,90899.0,0.0,0.0,0.0,0.0,0.0,0.0,0.0,5.0,0.0,0.0
83258,227263,20230223,0.0,1.0,-667314.0,0.0,0.0,0.0,0.0,0.0,0.0,0.0,5.0,0.0,0.0
83258,227263,20230223,0.0,1.0,-62554.0,0.0,0.0,0.0,0.0,0.0,0.0,0.0,5.0,0.0,0.0
83258,227263,20230223,0.0,1.0,23861.0,0.0,0.0,0.0,0.0,0.0,0.0,0.0,5.0,0.0,0.0
83473,173177,0,0.0,0.0,0.0,1.0,0.0,1.0,0.0,2.0,1.0,1.0,0.0,0.0,0.0
83474,173177,20230223,253.0,0.0,14796.0,0.0,0.0,0.0,0.0,0.0,0.0,0.0,2.0,0.0,0.0
83475,173177,20230223,656.0,0.0,10496.0,0.0,0.0,0.0,0.0,0.0,0.0,0.0,1.0,0.0,0.0
83476,173177,20230223,397.0,1.0,24821.0,0.0,0.0,0.0,0.0,0.0,0.0,0.0,3.0,0.0,0.0
83477,173177,20230223,150.0,1.0,28452.0,0.0,0.0,0.0,0.0,0.0,0.0,0.0,3.0,0.0,0.0
83480,173177,20230223,741.0,1.0,28827.0,0.0,0.0,0.0,0.0,1.0,0.0,1.0,3.0,0.0,0.0
83747,173179,20230223,677.0,1.0,614071.0,0.0,0.0,0.0,0.0,2.0,0.0,2.0,3.0,0.0,0.0
83751,173179,20230223,36.0,0.0,604800.0,0.0,0.0,0.0,0.0,0.0,0.0,0.0,2.0,0.0,0.0
83752,173179,20230223,282.0,0.0,707152.0,0.0,0.0,0.0,0.0,0.0,0.0,0.0,2.0,0.0,0.0
83850,175761,20230223,0.0,0.0,0.0,0.0,0.0,0.0,0.0,1.0,0.0,1.0,0.0,0.0,0.0
83863,175759,20230323,0.0,1.0,0.0,0.0,0.0,0.0,0.0,2.0,0.0,1.0,4.0,0.0,0.0
83863,175761,20230325,0.0,1.0,0.0,1.0,0.0,0.0,0.0,3.0,0.0,1.0,5.0,0.0,0.0
83895,173180,20230223,58.0,0.0,16171.0,0.0,0.0,0.0,0.0,0.0,0.0,0.0,1.0,0.0,0.0
83899,173180,20230223,728.0,1.0,27779.0,0.0,0.0,0.0,0.0,0.0,0.0,0.0,3.0,0.0,0.0
83900,173180,20230223,414.0,0.0,6545.0,0.0,0.0,0.0,0.0,0.0,0.0,0.0,1.0,0.0,0.0
84009,227263,20230223,0.0,1.0,-44947.0,0.0,0.0,0.0,0.0,0.0,0.0,0.0,5.0,0.0,0.0
84009,227263,20230223,0.0,1.0,-485316.0,0.0,0.0,0.0,0.0,0.0,0.0,0.0,5.0,0.0,0.0
84009,227263,20230223,0.0,1.0,95819.0,0.0,0.0,0.0,0.0,0.0,0.0,0.0,5.0,0.0,0.0
84010,227263,20230223,0.0,1.0,-585726.0,0.0,0.0,0.0,0.0,0.0,0.0,0.0,5.0,0.0,0.0
84010,227263,20230223,0.0,1.0,15507.0,0.0,0.0,0.0,0.0,0.0,0.0,0.0,5.0,0.0,0.0
84010,227263,20230223,0.0,1.0,102902.0,0.0,0.0,0.0,0.0,0.0,0.0,0.0,5.0,0.0,0.0
84011,227263,20230223,0.0,1.0,86608.0,0.0,0.0,0.0,0.0,0.0,0.0,0.0,5.0,0.0,0.0
84012,227263,20230223,0.0,1.0,-602541.0,0.0,0.0,0.0,0.0,0.0,0.0,0.0,5.0,0.0,0.0
84012,227263,20230223,0.0,1.0,-76448.0,0.0,0.0,0.0,0.0,0.0,0.0,0.0,5.0,0.0,0.0
84012,227263,20230223,0.0,1.0,86781.0,0.0,0.0,0.0,0.0,0.0,0.0,0.0,5.0,0.0,0.0
84013,227263,20230223,0.0,1.0,-3270.0,0.0,0.0,0.0,0.0,0.0,0.0,0.0,5.0,0.0,0.0
84013,227263,20230223,0.0,1.0,-74542.0,0.0,0.0,0.0,0.0,0.0,0.0,0.0,5.0,0.0,0.0
84013,227263,20230223,0.0,1.0,87308.0,0.0,0.0,0.0,0.0,0.0,0.0,0.0,5.0,0.0,0.0
84014,227263,20230223,0.0,1.0,110441.0,0.0,0.0,0.0,0.0,0.0,0.0,0.0,5.0,0.0,0.0
84014,227263,20230223,0.0,1.0,6890.0,0.0,0.0,0.0,0.0,0.0,0.0,0.0,5.0,0.0,0.0
84014,227263,20230223,0.0,1.0,114839.0,0.0,0.0,0.0,0.0,0.0,0.0,0.0,5.0,0.0,0.0
84015,227263,20230223,0.0,1.0,266346.0,0.0,0.0,0.0,0.0,0.0,0.0,0.0,5.0,0.0,0.0
84015,227263,20230223,0.0,1.0,5411.0,0.0,0.0,0.0,0.0,0.0,0.0,0.0,5.0,0.0,0.0
84015,227263,20230223,0.0,1.0,94813.0,0.0,0.0,0.0,0.0,0.0,0.0,0.0,5.0,0.0,0.0
84404,173177,20230223,178.0,0.0,9296.0,0.0,0.0,0.0,0.0,0.0,0.0,0.0,1.0,0.0,0.0
84405,173177,20230223,780.0,0.0,2737.0,0.0,0.0,0.0,0.0,0.0,0.0,0.0,2.0,0.0,0.0
85483,180307,0,0.0,1.0,226911.0,0.0,0.0,0.0,0.0,0.0,0.0,0.0,4.0,0.0,0.0
86598,212041,20230405,1867.0,0.0,25859.0,3.0,0.0,3.0,0.0,7.0,2.0,1.0,1.0,0.0,0.0
86599,212041,20230324,76.0,0.0,26331.0,0.0,0.0,0.0,0.0,1.0,0.0,1.0,2.0,0.0,0.0
86600,212041,20230224,314.0,0.0,27090.0,1.0,0.0,0.0,0.0,4.0,0.0,1.0,1.0,0.0,0.0
86601,212041,20230223,522.0,0.0,2392.0,0.0,0.0,0.0,0.0,0.0,0.0,0.0,1.0,0.0,0.0
86602,212041,20230223,91.0,1.0,6130.0,0.0,0.0,0.0,0.0,0.0,0.0,0.0,3.0,0.0,0.0
86603,212041,20230223,340.0,0.0,118898.0,0.0,0.0,0.0,0.0,0.0,0.0,0.0,2.0,0.0,0.0
86604,212041,20230223,141.0,0.0,22709.0,0.0,0.0,0.0,0.0,0.0,0.0,0.0,2.0,0.0,0.0
86605,212041,20230223,54.0,0.0,7244.0,0.0,0.0,0.0,0.0,0.0,0.0,0.0,2.0,0.0,0.0
86606,212041,20230223,2147.0,0.0,24877.0,0.0,0.0,0.0,0.0,0.0,0.0,0.0,1.0,0.0,0.0
86608,212041,20230223,253.0,0.0,21787.0,0.0,0.0,0.0,0.0,0.0,0.0,0.0,2.0,0.0,0.0
86609,212041,20230223,71.0,0.0,3552.0,0.0,0.0,0.0,0.0,0.0,0.0,0.0,2.0,0.0,0.0
86610,212041,20230223,342.0,0.0,118904.0,0.0,0.0,0.0,0.0,0.0,0.0,0.0,2.0,0.0,0.0
86611,212041,20230223,913.0,0.0,20840.0,0.0,0.0,0.0,0.0,0.0,0.0,0.0,2.0,0.0,0.0
86612,212041,20230223,82.0,0.0,2585.0,0.0,0.0,0.0,0.0,0.0,0.0,0.0,2.0,0.0,0.0
86614,212041,20230223,103.0,0.0,27565.0,0.0,0.0,0.0,0.0,0.0,0.0,0.0,1.0,0.0,0.0
86616,212041,20230223,28459.0,0.0,16468.0,0.0,0.0,0.0,0.0,0.0,0.0,0.0,2.0,0.0,0.0
86617,212041,20230223,360.0,0.0,118912.0,0.0,0.0,0.0,0.0,0.0,0.0,0.0,2.0,0.0,0.0
86618,212041,20230223,19.0,0.0,2878.0,0.0,0.0,0.0,0.0,0.0,0.0,0.0,1.0,0.0,0.0
86619,212041,20230223,215.0,0.0,19945.0,0.0,0.0,0.0,0.0,0.0,0.0,0.0,1.0,0.0,0.0
86621,212041,20230223,65.0,0.0,3651.0,0.0,0.0,0.0,0.0,0.0,0.0,0.0,1.0,0.0,0.0
86817,173179,20230223,88.0,0.0,611163.0,0.0,0.0,0.0,0.0,0.0,0.0,0.0,2.0,0.0,0.0
86817,249837,20230418,139.0,0.0,77180.0,0.0,0.0,0.0,0.0,1.0,0.0,1.0,1.0,3393372.0,2835392.0
86817,249837,20230418,204.0,1.0,11074.0,0.0,0.0,0.0,0.0,1.0,0.0,1.0,3.0,3393373.0,2866381.0
86817,249837,20230418,496.0,0.0,8113.0,0.0,0.0,0.0,0.0,1.0,0.0,1.0,2.0,3393374.0,2936297.0
86817,249837,20230418,118.0,0.0,5603.0,0.0,0.0,0.0,0.0,1.0,0.0,1.0,2.0,3393371.0,2961720.0
86817,249840,20230418,181.0,0.0,6606.0,1.0,1.0,0.0,0.0,5.0,0.0,1.0,2.0,3518152.0,2985538.0
86818,173179,20230223,267.0,0.0,629946.0,0.0,0.0,0.0,0.0,0.0,0.0,0.0,1.0,0.0,0.0
86818,249837,20230418,344.0,1.0,4885.0,0.0,0.0,0.0,0.0,1.0,0.0,1.0,3.0,3393372.0,2837625.0
86818,249837,20230418,186.0,0.0,6138.0,0.0,0.0,0.0,0.0,1.0,0.0,1.0,2.0,3393373.0,2866636.0
86818,249840,20230418,195.0,0.0,816.0,2.0,1.0,2.0,0.0,8.0,0.0,1.0,2.0,3518152.0,2985911.0
86818,249840,20230418,100.0,0.0,6779.0,0.0,0.0,0.0,0.0,1.0,0.0,1.0,1.0,3518153.0,3012104.0
86819,173179,20230223,94.0,0.0,622938.0,0.0,0.0,0.0,0.0,0.0,0.0,0.0,2.0,0.0,0.0
86819,249837,20230412,329.0,0.0,65464.0,1.0,0.0,0.0,0.0,2.0,0.0,1.0,2.0,0.0,0.0
86819,249837,20230412,105.0,0.0,8880.0,0.0,0.0,0.0,0.0,3.0,0.0,3.0,2.0,0.0,0.0
86819,249840,20230418,173.0,0.0,19827.0,1.0,0.0,0.0,0.0,2.0,0.0,1.0,2.0,3518152.0,2984916.0
86819,249840,20230418,134.0,0.0,10196.0,2.0,1.0,0.0,0.0,5.0,0.0,1.0,1.0,3518153.0,3011928.0
86820,173179,20230223,229.0,0.0,612432.0,0.0,0.0,0.0,0.0,0.0,0.0,0.0,2.0,0.0,0.0
86820,249840,20230418,211.0,0.0,7761.0,1.0,1.0,0.0,0.0,3.0,0.0,1.0,2.0,3518152.0,2985466.0
86820,249840,20230418,318.0,0.0,6377.0,0.0,0.0,0.0,0.0,4.0,0.0,1.0,1.0,3518153.0,3012113.0
86821,173179,20230223,187.0,0.0,630406.0,0.0,0.0,0.0,0.0,0.0,0.0,0.0,2.0,0.0,0.0
86821,249840,20230418,399.0,0.0,14202.0,1.0,0.0,0.0,0.0,2.0,0.0,1.0,2.0,3518152.0,2985125.0
86821,249840,20230418,2145.0,0.0,64967.0,0.0,1.0,0.0,0.0,2.0,0.0,1.0,2.0,3518153.0,3010401.0
86822,173179,20230223,91.0,1.0,631949.0,0.0,0.0,0.0,0.0,0.0,0.0,0.0,3.0,0.0,0.0
86822,249840,20230418,3332.0,0.0,3947.0,1.0,3.0,0.0,0.0,10.0,0.0,1.0,1.0,3518152.0,2985511.0
86822,249840,20230418,255.0,0.0,13882.0,0.0,0.0,0.0,0.0,4.0,0.0,2.0,2.0,3518153.0,3011750.0
86823,173179,20230223,185.0,0.0,606356.0,0.0,0.0,0.0,0.0,0.0,0.0,0.0,2.0,0.0,0.0
86823,249840,20230418,264.0,0.0,9558.0,0.0,0.0,0.0,0.0,1.0,0.0,1.0,2.0,3518152.0,2985348.0
86823,249840,20230418,164.0,0.0,9848.0,0.0,0.0,0.0,0.0,2.0,0.0,1.0,1.0,3518153.0,3011946.0
86824,173179,20230223,119.0,1.0,638485.0,0.0,0.0,0.0,0.0,0.0,0.0,0.0,3.0,0.0,0.0
86826,173179,20230223,105.0,0.0,629521.0,0.0,0.0,0.0,0.0,0.0,0.0,0.0,2.0,0.0,0.0
86827,173179,20230223,65.0,1.0,624116.0,0.0,0.0,0.0,0.0,0.0,0.0,0.0,3.0,0.0,0.0
86828,173179,20230223,405.0,0.0,630902.0,0.0,0.0,0.0,0.0,0.0,0.0,0.0,2.0,0.0,0.0
86829,173179,20230223,369.0,1.0,614492.0,0.0,0.0,0.0,0.0,1.0,0.0,1.0,3.0,0.0,0.0
86830,173179,20230223,123.0,0.0,613119.0,0.0,0.0,0.0,0.0,0.0,0.0,0.0,2.0,0.0,0.0
86831,173179,20230223,99.0,1.0,631949.0,0.0,0.0,0.0,0.0,0.0,0.0,0.0,3.0,0.0,0.0
86834,173179,20230223,885.0,0.0,609065.0,0.0,0.0,0.0,0.0,0.0,0.0,0.0,1.0,0.0,0.0
86835,173179,20230223,585.0,0.0,642182.0,0.0,0.0,0.0,0.0,0.0,0.0,0.0,1.0,0.0,0.0
86836,173179,20230223,136.0,0.0,610530.0,0.0,0.0,0.0,0.0,0.0,0.0,0.0,1.0,0.0,0.0
86837,173179,20230223,49.0,0.0,616369.0,0.0,0.0,0.0,0.0,0.0,0.0,0.0,2.0,0.0,0.0
86838,173179,20230223,167.0,0.0,628921.0,0.0,0.0,0.0,0.0,0.0,0.0,0.0,2.0,0.0,0.0
86839,173179,20230223,559.0,0.0,623703.0,0.0,0.0,0.0,0.0,0.0,0.0,0.0,2.0,0.0,0.0
86840,173179,20230223,736.0,1.0,670368.0,0.0,0.0,0.0,0.0,0.0,0.0,0.0,3.0,0.0,0.0
86841,173179,20230223,93.0,0.0,634299.0,0.0,0.0,0.0,0.0,0.0,0.0,0.0,1.0,0.0,0.0
86842,173179,20230223,143.0,1.0,622529.0,0.0,0.0,0.0,0.0,0.0,0.0,0.0,3.0,0.0,0.0
86843,173179,20230223,48.0,0.0,651101.0,0.0,0.0,0.0,0.0,0.0,0.0,0.0,1.0,0.0,0.0
86844,173179,20230223,1051.0,1.0,622518.0,0.0,0.0,0.0,0.0,0.0,0.0,0.0,3.0,0.0,0.0
86845,173179,20230223,208.0,0.0,627673.0,0.0,0.0,0.0,0.0,0.0,0.0,0.0,1.0,0.0,0.0
86848,173179,20230223,72.0,0.0,606875.0,0.0,0.0,0.0,0.0,0.0,0.0,0.0,1.0,0.0,0.0
86849,173179,20230223,4555.0,0.0,627308.0,0.0,0.0,0.0,0.0,0.0,0.0,0.0,1.0,0.0,0.0
86850,173179,20230223,1383.0,1.0,611841.0,0.0,0.0,0.0,0.0,0.0,0.0,0.0,3.0,0.0,0.0
86851,173179,20230223,174.0,1.0,620546.0,0.0,0.0,0.0,0.0,0.0,0.0,0.0,3.0,0.0,0.0
86852,173179,20230223,400.0,0.0,647877.0,0.0,0.0,0.0,0.0,1.0,0.0,1.0,1.0,0.0,0.0
86853,173179,20230223,91.0,0.0,613739.0,0.0,0.0,0.0,0.0,0.0,0.0,0.0,2.0,0.0,0.0
86854,173179,20230223,1071.0,0.0,609916.0,0.0,0.0,0.0,0.0,0.0,0.0,0.0,1.0,0.0,0.0
86855,173179,20230223,444.0,1.0,621888.0,0.0,0.0,0.0,0.0,0.0,0.0,0.0,3.0,0.0,0.0
86856,173179,20230223,258.0,1.0,627972.0,0.0,0.0,0.0,0.0,0.0,0.0,0.0,3.0,0.0,0.0
86858,173179,20230223,196.0,0.0,632339.0,0.0,0.0,0.0,0.0,0.0,0.0,0.0,1.0,0.0,0.0
86859,173179,20230223,551.0,0.0,678453.0,0.0,0.0,0.0,0.0,0.0,0.0,0.0,1.0,0.0,0.0
86861,249835,20230418,296.0,0.0,4199.0,0.0,0.0,0.0,0.0,1.0,0.0,1.0,2.0,3385261.0,2837672.0
86861,249838,20230418,224.0,1.0,2103.0,1.0,1.0,0.0,0.0,8.0,0.0,1.0,3.0,3518146.0,2985839.0
86861,249838,20230418,114.0,0.0,982.0,1.0,0.0,0.0,0.0,2.0,0.0,1.0,2.0,3518147.0,3012439.0
86862,249835,20230415,183.0,0.0,151867.0,2.0,1.0,3.0,0.0,7.0,2.0,2.0,2.0,0.0,0.0
86862,249838,20230418,119.0,0.0,23144.0,1.0,0.0,0.0,0.0,3.0,0.0,2.0,1.0,3518146.0,2984839.0
86863,249835,20230411,218.0,0.0,18497.0,1.0,0.0,0.0,0.0,4.0,0.0,2.0,2.0,0.0,0.0
86863,249835,20230411,397.0,1.0,10716.0,0.0,0.0,0.0,0.0,1.0,0.0,1.0,3.0,0.0,0.0
86863,249835,20230411,188.0,0.0,70932.0,0.0,0.0,0.0,0.0,3.0,0.0,1.0,1.0,0.0,0.0
86863,249838,20230418,132.0,0.0,8280.0,0.0,0.0,0.0,0.0,1.0,0.0,1.0,1.0,3518146.0,2985436.0
86863,249838,20230418,557.0,0.0,8316.0,2.0,1.0,0.0,0.0,7.0,0.0,2.0,2.0,3518147.0,3012001.0
86864,249838,20230418,300.0,0.0,1617.0,0.0,0.0,0.0,0.0,2.0,0.0,1.0,2.0,3518146.0,2985865.0
86864,249838,20230418,3034.0,0.0,15695.0,3.0,0.0,0.0,0.0,16.0,0.0,2.0,1.0,3518147.0,3011597.0
86865,249838,20230418,166.0,1.0,15619.0,0.0,0.0,0.0,0.0,3.0,0.0,1.0,3.0,3518146.0,2985072.0
86865,249838,20230418,153.0,0.0,11694.0,1.0,0.0,0.0,0.0,2.0,0.0,1.0,1.0,3518147.0,3011858.0
86866,249838,20230418,3495.0,1.0,100779.0,0.0,0.0,0.0,0.0,1.0,0.0,1.0,3.0,3518146.0,2982604.0
86866,249838,20230418,3168.0,0.0,11790.0,1.0,2.0,0.0,0.0,5.0,0.0,1.0,1.0,3518147.0,3011716.0
86867,249838,20230418,609.0,1.0,6904.0,1.0,0.0,0.0,0.0,2.0,0.0,1.0,3.0,3518146.0,2985495.0
86867,249838,20230418,223.0,0.0,13765.0,1.0,0.0,0.0,0.0,2.0,0.0,1.0,1.0,3518147.0,3011763.0
86868,249838,20230418,78.0,0.0,3741.0,0.0,0.0,0.0,0.0,1.0,0.0,1.0,1.0,3518146.0,2985730.0
86868,249838,20230418,285.0,0.0,4696.0,2.0,1.0,0.0,0.0,10.0,0.0,2.0,2.0,3518147.0,3012203.0
86869,249838,20230418,5445.0,1.0,65036.0,0.0,0.0,0.0,0.0,1.0,0.0,1.0,3.0,3518146.0,2983579.0
86869,249838,20230418,3023.0,1.0,16121.0,0.0,0.0,0.0,0.0,3.0,0.0,1.0,3.0,3518147.0,3011591.0
86870,249838,20230418,329.0,0.0,10327.0,3.0,5.0,0.0,0.0,26.0,0.0,1.0,1.0,3518146.0,2985309.0
86870,249838,20230418,230.0,0.0,26700.0,1.0,1.0,0.0,0.0,4.0,0.0,1.0,2.0,3518147.0,3011460.0
86871,249838,20230418,275.0,1.0,13932.0,1.0,0.0,0.0,0.0,2.0,0.0,1.0,3.0,3518146.0,2985144.0
86871,249838,20230418,804.0,0.0,18804.0,0.0,0.0,0.0,0.0,2.0,0.0,1.0,2.0,3518147.0,3011581.0
86872,249838,20230418,3073.0,0.0,51385.0,2.0,0.0,0.0,0.0,3.0,0.0,1.0,1.0,3518146.0,2984658.0
86872,249838,20230418,3106.0,0.0,68332.0,0.0,0.0,0.0,0.0,6.0,0.0,1.0,2.0,3518147.0,3010164.0
86873,249838,20230418,282.0,1.0,11590.0,1.0,3.0,0.0,0.0,9.0,0.0,2.0,3.0,3518146.0,2985239.0
86873,249838,20230418,444.0,0.0,4793.0,2.0,5.0,3.0,0.0,20.0,0.0,1.0,2.0,3518147.0,3012192.0
86874,249838,20230418,126.0,0.0,58111.0,0.0,1.0,0.0,0.0,8.0,0.0,1.0,1.0,3518146.0,2984601.0
86874,249838,20230418,124.0,0.0,2941.0,3.0,1.0,0.0,0.0,7.0,0.0,1.0,2.0,3518147.0,3012321.0
86875,249838,20230418,3151.0,0.0,12257.0,1.0,1.0,0.0,0.0,16.0,0.0,2.0,1.0,3518146.0,2985092.0
86876,249838,20230418,670.0,0.0,21598.0,0.0,0.0,0.0,0.0,2.0,0.0,1.0,1.0,3518146.0,2984858.0
86912,173184,20230228,69.0,0.0,1827584.0,1.0,0.0,1.0,0.0,3.0,1.0,1.0,1.0,0.0,0.0
86912,249836,20230418,538.0,0.0,10778.0,0.0,0.0,0.0,0.0,1.0,0.0,1.0,2.0,3393363.0,2837304.0
86912,249839,20230418,249.0,0.0,413.0,0.0,0.0,0.0,0.0,1.0,0.0,1.0,2.0,3518150.0,2985928.0
86913,249836,20230414,105.0,0.0,62744.0,0.0,0.0,0.0,0.0,2.0,0.0,1.0,2.0,0.0,0.0
86913,249836,20230414,172.0,0.0,13500.0,1.0,0.0,0.0,0.0,3.0,0.0,1.0,2.0,0.0,0.0
86913,249836,20230414,374.0,0.0,20624.0,0.0,0.0,0.0,0.0,3.0,0.0,1.0,2.0,0.0,0.0
86913,249839,20230418,334.0,1.0,58270.0,1.0,0.0,0.0,0.0,4.0,0.0,1.0,3.0,3518150.0,2984595.0
86913,249839,20230418,2363.0,0.0,26298.0,0.0,0.0,0.0,0.0,2.0,0.0,1.0,2.0,3518151.0,3011447.0
86914,249839,20230418,84070.0,1.0,68700.0,1.0,0.0,0.0,0.0,2.0,0.0,1.0,3.0,3518150.0,2981357.0
86914,249839,20230418,6076.0,0.0,166693.0,3.0,0.0,2.0,0.0,7.0,0.0,1.0,2.0,3518151.0,3007057.0
86915,249839,20230418,987.0,0.0,26197.0,1.0,0.0,0.0,0.0,1.0,0.0,1.0,2.0,3518150.0,2984773.0
86915,249839,20230418,863.0,0.0,66046.0,1.0,0.0,0.0,0.0,5.0,0.0,1.0,2.0,3518151.0,3010416.0
86916,249839,20230418,232.0,0.0,4887.0,2.0,0.0,0.0,0.0,5.0,0.0,2.0,2.0,3518150.0,2985656.0
86916,249839,20230418,754.0,0.0,13746.0,1.0,0.0,2.0,0.0,4.0,1.0,1.0,2.0,3518151.0,3011738.0
86917,249839,20230418,130.0,1.0,5720.0,0.0,0.0,8.0,0.0,13.0,2.0,1.0,3.0,3518150.0,2985610.0
86917,249839,20230418,136.0,1.0,7417.0,1.0,0.0,0.0,0.0,2.0,0.0,1.0,3.0,3518151.0,3012066.0
86918,249839,20230418,1114.0,0.0,25091.0,0.0,1.0,0.0,0.0,3.0,0.0,1.0,2.0,3518150.0,2984786.0
86918,249839,20230418,977.0,0.0,25693.0,0.0,0.0,0.0,0.0,1.0,0.0,1.0,2.0,3518151.0,3011463.0
86919,249839,20230418,159.0,0.0,22399.0,1.0,0.0,0.0,0.0,3.0,0.0,1.0,2.0,3518150.0,2984853.0
86920,249839,20230418,516.0,0.0,5976.0,1.0,0.0,0.0,0.0,2.0,0.0,1.0,1.0,3518150.0,2985559.0
87054,249833,20230418,1059.0,1.0,27778.0,1.0,0.0,0.0,0.0,2.0,0.0,1.0,3.0,3518148.0,2984752.0
87054,249833,20230418,201.0,1.0,634.0,1.0,1.0,0.0,0.0,3.0,0.0,1.0,3.0,3518149.0,3012451.0
87056,249833,20230418,156.0,0.0,3062.0,1.0,3.0,0.0,0.0,11.0,0.0,3.0,2.0,3518148.0,2985774.0
87056,249833,20230418,2220.0,1.0,149036.0,1.0,0.0,0.0,0.0,2.0,0.0,1.0,3.0,3518149.0,3008233.0
87057,249833,20230418,1501.0,1.0,127434.0,1.0,0.0,0.0,0.0,7.0,0.0,1.0,3.0,3518148.0,2982349.0
87057,249833,20230418,583.0,0.0,26.0,0.0,0.0,0.0,0.0,3.0,0.0,1.0,2.0,3518149.0,3012463.0
87058,249833,20230418,1763.0,0.0,111636.0,1.0,1.0,0.0,0.0,2.0,0.0,1.0,2.0,3518148.0,2982438.0
87058,249833,20230418,246.0,0.0,68183.0,2.0,0.0,0.0,0.0,3.0,0.0,2.0,2.0,3518149.0,3010325.0
87059,249833,20230418,749.0,1.0,108113.0,2.0,0.0,0.0,0.0,3.0,0.0,2.0,3.0,3518148.0,2982529.0
87059,249833,20230418,13360.0,1.0,59050.0,0.0,0.0,0.0,0.0,1.0,0.0,1.0,3.0,3518149.0,3010116.0
87061,249833,20230418,1376.0,0.0,13300.0,0.0,0.0,0.0,0.0,2.0,0.0,1.0,2.0,3518148.0,2985119.0
87061,249833,20230418,1780.0,0.0,11297.0,1.0,0.0,0.0,0.0,2.0,0.0,1.0,2.0,3518149.0,3011806.0
87062,249833,20230418,333.0,0.0,6148.0,1.0,0.0,1.0,0.0,7.0,0.0,2.0,2.0,3518148.0,2985562.0
87062,249833,20230418,140.0,1.0,3264.0,0.0,0.0,0.0,0.0,1.0,0.0,1.0,3.0,3518149.0,3012293.0
87063,249833,20230418,1088.0,0.0,11708.0,1.0,1.0,0.0,0.0,4.0,0.0,1.0,2.0,3518148.0,2985200.0
87063,249833,20230418,1292.0,0.0,6282.0,0.0,0.0,0.0,0.0,3.0,0.0,1.0,2.0,3518149.0,3012064.0
87064,249833,20230418,3487.0,0.0,2446.0,0.0,0.0,0.0,0.0,2.0,0.0,1.0,2.0,3518148.0,2985601.0
87064,249833,20230418,3938.0,0.0,5368.0,1.0,0.0,0.0,0.0,2.0,0.0,1.0,2.0,3518149.0,3011972.0
87065,249833,20230418,1194.0,0.0,10448.0,0.0,1.0,0.0,0.0,3.0,0.0,1.0,2.0,3518148.0,2985249.0
87065,249833,20230418,2782.0,0.0,86807.0,0.0,0.0,0.0,0.0,1.0,0.0,1.0,2.0,3518149.0,3009661.0
87335,260151,20230418,0.0,1.0,41423.0,1.0,0.0,0.0,0.0,1.0,0.0,1.0,4.0,3492261.0,2800139.0
87335,260151,20230418,0.0,1.0,667.0,0.0,0.0,0.0,0.0,1.0,0.0,1.0,5.0,3518141.0,2829906.0
87335,260151,20230418,0.0,1.0,-113023.0,1.0,0.0,0.0,0.0,2.0,0.0,1.0,5.0,3570441.0,2835202.0
87375,260152,20230418,0.0,1.0,1799.0,0.0,0.0,1.0,0.0,1.0,1.0,1.0,5.0,3492262.0,2801609.0
87375,260152,20230418,0.0,1.0,36639.0,1.0,0.0,0.0,0.0,2.0,0.0,1.0,5.0,3518142.0,2821467.0
87375,260152,20230418,0.0,1.0,6855.0,0.0,0.0,0.0,0.0,1.0,0.0,1.0,5.0,3570442.0,2830101.0
87375,260152,20230418,0.0,1.0,302612.0,1.0,1.0,0.0,0.0,8.0,0.0,1.0,5.0,3579210.0,2842121.0
87398,254226,20230417,0.0,1.0,90525.0,2.0,0.0,0.0,0.0,4.0,0.0,1.0,5.0,0.0,0.0
87398,254226,20230417,0.0,1.0,36656.0,0.0,0.0,0.0,0.0,2.0,0.0,1.0,3.0,0.0,0.0
87557,249591,20230418,770.0,0.0,5714.0,0.0,0.0,0.0,0.0,1.0,0.0,1.0,2.0,3659816.0,2872842.0
87557,249591,20230418,1002.0,0.0,22247.0,1.0,0.0,1.0,0.0,3.0,0.0,1.0,1.0,4038291.0,3017532.0
87557,249591,20230418,1002.0,0.0,22247.0,0.0,0.0,4.0,0.0,5.0,0.0,2.0,1.0,4038291.0,3017532.0
87557,249591,20230418,823.0,0.0,628580.0,2.0,0.0,1.0,0.0,5.0,0.0,1.0,2.0,4239592.0,3061846.0
88476,249592,20230418,1534.0,0.0,4969.0,1.0,0.0,3.0,0.0,5.0,0.0,3.0,2.0,3659820.0,2872829.0
88476,249592,20230418,658.0,0.0,23921.0,0.0,1.0,0.0,0.0,2.0,0.0,1.0,2.0,4239593.0,3061891.0
88476,249592,20230418,658.0,0.0,23921.0,1.0,0.0,5.0,0.0,7.0,1.0,2.0,2.0,4239593.0,3061891.0
89427,254378,20230418,0.0,1.0,0.0,0.0,0.0,0.0,0.0,1.0,0.0,1.0,4.0,3929735.0,3043419.0
